,F-statistic,p-value
Age,56.57438528337172,7.481182472787439e-24
Fare,242.34415651744814,1.0313763209141171e-84
