,t-statistic,p-value
Age,2.0385172031950463,0.04189090646311582
Fare,-6.839099259085254,2.6993323503141236e-11
